{
    "accuracy": 0.708507386653082,
    "entailment_f1": 0.8056517899599213,
    "entailment_precision": 0.7072152653548003,
    "entailment_recall": 0.9359217171717171,
    "f1": 0.6679596412108915,
    "loss": 1.199855089187622,
    "model_name": "xlm-roberta-base",
    "neutral_f1": 0.41719291097983296,
    "neutral_precision": 0.7160839160839161,
    "neutral_recall": 0.2943374532911756,
    "precision": 0.7103588247930676,
    "recall": 0.708507386653082,
    "runtime": 116.0334,
    "samples": 9815,
    "samples_per_second": 84.588,
    "steps_per_second": 5.292,
    "test_dataset": "dlb/plue",
    "test_subset": "mnli",
    "train_dataset": "assin2"
}