{
    "accuracy": 0.8362710137544574,
    "contradiction_f1": 0.8540012217470985,
    "contradiction_precision": 0.8383808095952024,
    "contradiction_recall": 0.8702147525676938,
    "entailment_f1": 0.8555347091932457,
    "entailment_precision": 0.8591304347826086,
    "entailment_recall": 0.8519689565967232,
    "f1": 0.835997113227078,
    "loss": 0.4332430362701416,
    "model_name": "neuralmind/bert-large-portuguese-cased",
    "neutral_f1": 0.7957094100438811,
    "neutral_precision": 0.807920792079208,
    "neutral_recall": 0.7838616714697406,
    "precision": 0.8360437042793121,
    "recall": 0.8362710137544574,
    "runtime": 158.3594,
    "samples": 9815,
    "samples_per_second": 61.979,
    "steps_per_second": 3.877,
    "test_dataset": "dlb/plue",
    "test_subset": "mnli",
    "train_dataset": "dlb/plue"
}