{
    "predict_accuracy": 0.8362710137544574,
    "predict_contradiction_f1": 0.8540012217470985,
    "predict_contradiction_precision": 0.8383808095952024,
    "predict_contradiction_recall": 0.8702147525676938,
    "predict_entailment_f1": 0.8555347091932457,
    "predict_entailment_precision": 0.8591304347826086,
    "predict_entailment_recall": 0.8519689565967232,
    "predict_f1": 0.835997113227078,
    "predict_loss": 0.4332430362701416,
    "predict_model_name": "neuralmind/bert-large-portuguese-cased",
    "predict_neutral_f1": 0.7957094100438811,
    "predict_neutral_precision": 0.807920792079208,
    "predict_neutral_recall": 0.7838616714697406,
    "predict_precision": 0.8360437042793121,
    "predict_recall": 0.8362710137544574,
    "predict_runtime": 158.3594,
    "predict_samples": 9815,
    "predict_samples_per_second": 61.979,
    "predict_steps_per_second": 3.877,
    "predict_test_dataset": "dlb/plue",
    "predict_test_subset": "mnli",
    "predict_train_dataset": "dlb/plue"
}