{
    "ENTAILMENT_accuracy": 0.3343108504398827,
    "ENTAILMENT_f1": 0.16703296703296702,
    "ENTAILMENT_precision": 0.3333333333333333,
    "ENTAILMENT_recall": 0.11143695014662756,
    "NONE_accuracy": 0.8802318094011591,
    "NONE_f1": 0.31210045662100455,
    "NONE_precision": 0.3333333333333333,
    "NONE_recall": 0.2934106031337197,
    "PARAPHRASE_accuracy": 0.6320754716981132,
    "PARAPHRASE_f1": 0.25818882466281307,
    "PARAPHRASE_precision": 0.3333333333333333,
    "PARAPHRASE_recall": 0.21069182389937105,
    "accuracy": 0.774,
    "f1": 0.7808540998667259,
    "precision": 0.8032839125590695,
    "predict_samples": 2000,
    "recall": 0.774
}