{
    "CONTRADICTION_accuracy": NaN,
    "CONTRADICTION_f1": NaN,
    "CONTRADICTION_precision": NaN,
    "CONTRADICTION_recall": NaN,
    "ENTAILMENT_accuracy": 0.8709150326797386,
    "ENTAILMENT_f1": 0.8628085795224606,
    "ENTAILMENT_precision": 0.8548516439454691,
    "ENTAILMENT_recall": 0.8709150326797386,
    "NEUTRAL_accuracy": NaN,
    "NEUTRAL_f1": NaN,
    "NEUTRAL_precision": NaN,
    "NEUTRAL_recall": NaN,
    "NONE_accuracy": 0.8521241830065359,
    "NONE_f1": 0.8602061855670102,
    "NONE_precision": 0.8684429641965029,
    "NONE_recall": 0.8521241830065359,
    "PARAPHRASE_accuracy": NaN,
    "PARAPHRASE_f1": NaN,
    "PARAPHRASE_precision": NaN,
    "PARAPHRASE_recall": NaN,
    "accuracy": 0.8615196078431373,
    "f1": 0.8615073825447354,
    "model_name": "xlm-roberta-base",
    "precision": 0.8616473040709859,
    "predict_samples": 2448,
    "recall": 0.8615196078431373,
    "test_dataset": "dlb/plue",
    "test_subset": "",
    "train_dataset": "assin2"
}