{
    "ENTAILMENT_f1": 0.8628085795224606,
    "ENTAILMENT_precision": 0.8548516439454691,
    "ENTAILMENT_recall": 0.8709150326797386,
    "NONE_f1": 0.8602061855670102,
    "NONE_precision": 0.8684429641965029,
    "NONE_recall": 0.8521241830065359,
    "accuracy": 0.8615196078431373,
    "f1": 0.8615073825447354,
    "model_name": "xlm-roberta-base",
    "precision": 0.8616473040709859,
    "samples": 2448,
    "recall": 0.8615196078431373,
    "test_dataset": "assin2",
    "test_subset": "",
    "train_dataset": "dlb/plue"
}