{
    "ENTAILMENT_f1": 0.7735072065888813,
    "ENTAILMENT_precision": 0.6668639053254438,
    "ENTAILMENT_recall": 0.920751633986928,
    "NONE_f1": 0.6670030272452068,
    "NONE_precision": 0.8720316622691293,
    "NONE_recall": 0.5400326797385621,
    "accuracy": 0.7303921568627451,
    "f1": 0.7202551169170439,
    "model_name": "neuralmind/bert-large-portuguese-cased",
    "precision": 0.7694477837972866,
    "predict_samples": 2448,
    "recall": 0.7303921568627451,
    "test_dataset": "assin",
    "test_subset": "",
    "train_dataset": "assin2"
}