{
    "CONTRADICTION_accuracy": 0.0,
    "CONTRADICTION_f1": 0.0,
    "CONTRADICTION_precision": 0.0,
    "CONTRADICTION_recall": 0.0,
    "ENTAILMENT_accuracy": 0.5107789594711124,
    "ENTAILMENT_f1": 0.338089802130898,
    "ENTAILMENT_precision": 0.5,
    "ENTAILMENT_recall": 0.2553894797355562,
    "NONE_accuracy": 0.8869676593019532,
    "NONE_f1": 0.4700492109282199,
    "NONE_precision": 0.5,
    "NONE_recall": 0.4434838296509766,
    "accuracy": 0.46327050433010697,
    "f1": 0.3722305791352591,
    "model_name": "xlm-roberta-base",
    "precision": 0.34105064332959484,
    "predict_accuracy": 0.6647987773815588,
    "predict_entailment_f1": 0.7807356844899507,
    "predict_entailment_precision": 0.7514965688421668,
    "predict_entailment_recall": 0.8123421717171717,
    "predict_f1": 0.6711583901641203,
    "predict_loss": 1.0194758176803589,
    "predict_model_name": "xlm-roberta-base",
    "predict_neutral_f1": 0.47159479808350435,
    "predict_neutral_precision": 0.5826638477801268,
    "predict_neutral_recall": 0.39609083069847656,
    "predict_precision": 0.6916525508518624,
    "predict_recall": 0.6647987773815588,
    "predict_runtime": 115.9231,
    "predict_samples": 9815,
    "predict_samples_per_second": 84.668,
    "predict_steps_per_second": 5.297,
    "predict_test_dataset": "dlb/plue",
    "predict_test_subset": "mnli",
    "predict_train_dataset": "assin",
    "recall": 0.46327050433010697,
    "test_dataset": "assin",
    "test_subset": "mnli",
    "train_dataset": "dlb/plue"
}