{
    "accuracy": 0.6647987773815588,
    "entailment_f1": 0.7807356844899507,
    "entailment_precision": 0.7514965688421668,
    "entailment_recall": 0.8123421717171717,
    "f1": 0.6711583901641203,
    "loss": 1.0194758176803589,
    "model_name": "xlm-roberta-base",
    "neutral_f1": 0.47159479808350435,
    "neutral_precision": 0.5826638477801268,
    "neutral_recall": 0.39609083069847656,
    "precision": 0.6916525508518624,
    "recall": 0.6647987773815588,
    "runtime": 115.9231,
    "samples": 9815,
    "samples_per_second": 84.668,
    "steps_per_second": 5.297,
    "test_dataset": "dlb/plue",
    "test_subset": "mnli",
    "train_dataset": "assin"
}