{
    "CONTRADICTION_accuracy": 0.0,
    "CONTRADICTION_f1": 0.0,
    "CONTRADICTION_precision": 0.0,
    "CONTRADICTION_recall": 0.0,
    "ENTAILMENT_accuracy": 0.5107789594711124,
    "ENTAILMENT_f1": 0.338089802130898,
    "ENTAILMENT_precision": 0.5,
    "ENTAILMENT_recall": 0.2553894797355562,
    "NONE_accuracy": 0.8869676593019532,
    "NONE_f1": 0.4700492109282199,
    "NONE_precision": 0.5,
    "NONE_recall": 0.4434838296509766,
    "accuracy": 0.46327050433010697,
    "f1": 0.3722305791352591,
    "model_name": "xlm-roberta-base",
    "precision": 0.34105064332959484,
    "predict_samples": 9815,
    "recall": 0.46327050433010697,
    "test_dataset": "assin",
    "test_subset": "mnli",
    "train_dataset": "dlb/plue"
}