{
    "predict_accuracy": 0.6647987773815588,
    "predict_entailment_f1": 0.7807356844899507,
    "predict_entailment_precision": 0.7514965688421668,
    "predict_entailment_recall": 0.8123421717171717,
    "predict_f1": 0.6711583901641203,
    "predict_loss": 1.0194758176803589,
    "predict_model_name": "xlm-roberta-base",
    "predict_neutral_f1": 0.47159479808350435,
    "predict_neutral_precision": 0.5826638477801268,
    "predict_neutral_recall": 0.39609083069847656,
    "predict_precision": 0.6916525508518624,
    "predict_recall": 0.6647987773815588,
    "predict_runtime": 115.9231,
    "predict_samples": 9815,
    "predict_samples_per_second": 84.668,
    "predict_steps_per_second": 5.297,
    "predict_test_dataset": "dlb/plue",
    "predict_test_subset": "mnli",
    "predict_train_dataset": "assin"
}