{
    "accuracy": 0.6639836984207845,
    "entailment_f1": 0.7885911299169409,
    "entailment_precision": 0.783068783068783,
    "entailment_recall": 0.7941919191919192,
    "f1": 0.6864172765119774,
    "loss": 1.122873306274414,
    "model_name": "neuralmind/bert-large-portuguese-cased",
    "neutral_f1": 0.5003369272237196,
    "neutral_precision": 0.6043956043956044,
    "neutral_recall": 0.4268467950560506,
    "precision": 0.7197367414382188,
    "recall": 0.6639836984207845,
    "runtime": 157.0646,
    "samples": 9815,
    "samples_per_second": 62.49,
    "steps_per_second": 3.909,
    "test_dataset": "dlb/plue",
    "test_subset": "mnli",
    "train_dataset": "assin"
}