{
    "predict_accuracy": 0.6639836984207845,
    "predict_entailment_f1": 0.7885911299169409,
    "predict_entailment_precision": 0.783068783068783,
    "predict_entailment_recall": 0.7941919191919192,
    "predict_f1": 0.6864172765119774,
    "predict_loss": 1.122873306274414,
    "predict_model_name": "neuralmind/bert-large-portuguese-cased",
    "predict_neutral_f1": 0.5003369272237196,
    "predict_neutral_precision": 0.6043956043956044,
    "predict_neutral_recall": 0.4268467950560506,
    "predict_precision": 0.7197367414382188,
    "predict_recall": 0.6639836984207845,
    "predict_runtime": 157.0646,
    "predict_samples": 9815,
    "predict_samples_per_second": 62.49,
    "predict_steps_per_second": 3.909,
    "predict_test_dataset": "dlb/plue",
    "predict_test_subset": "mnli",
    "predict_train_dataset": "assin"
}