{
    "CONTRADICTION_accuracy": NaN,
    "CONTRADICTION_f1": NaN,
    "CONTRADICTION_precision": NaN,
    "CONTRADICTION_recall": NaN,
    "ENTAILMENT_accuracy": 0.8684640522875817,
    "ENTAILMENT_f1": 0.7472759226713531,
    "ENTAILMENT_precision": 0.6557680444170265,
    "ENTAILMENT_recall": 0.8684640522875817,
    "NEUTRAL_accuracy": NaN,
    "NEUTRAL_f1": NaN,
    "NEUTRAL_precision": NaN,
    "NEUTRAL_recall": NaN,
    "NONE_accuracy": 0.5441176470588235,
    "NONE_f1": 0.6494392979034617,
    "NONE_precision": 0.8053204353083434,
    "NONE_recall": 0.5441176470588235,
    "PARAPHRASE_accuracy": NaN,
    "PARAPHRASE_f1": NaN,
    "PARAPHRASE_precision": NaN,
    "PARAPHRASE_recall": NaN,
    "accuracy": 0.7062908496732027,
    "f1": 0.6983576102874074,
    "model_name": "xlm-roberta-base",
    "precision": 0.730544239862685,
    "predict_samples": 2448,
    "recall": 0.7062908496732027,
    "test_dataset": "assin",
    "test_subset": "",
    "train_dataset": "assin2"
}