{
    "predict_ENTAILMENT_f1": 0.8705790905557714,
    "predict_ENTAILMENT_precision": 0.8302446256486287,
    "predict_ENTAILMENT_recall": 0.9150326797385621,
    "predict_NONE_f1": 0.8566508824795523,
    "predict_NONE_precision": 0.905368516833485,
    "predict_NONE_recall": 0.8129084967320261,
    "predict_accuracy": 0.8639705882352942,
    "predict_f1": 0.8636149865176619,
    "predict_loss": 0.4854588806629181,
    "predict_model_name": "xlm-roberta-base",
    "predict_precision": 0.8678065712410568,
    "predict_recall": 0.8639705882352942,
    "predict_runtime": 32.3159,
    "predict_samples": 2448,
    "predict_samples_per_second": 75.752,
    "predict_steps_per_second": 4.735,
    "predict_test_dataset": "assin2",
    "predict_test_subset": "",
    "predict_train_dataset": "assin2"
}