{
    "predict_ENTAILMENT_accuracy": 0.9150326797385621,
    "predict_ENTAILMENT_f1": 0.4778156996587031,
    "predict_ENTAILMENT_precision": 0.5,
    "predict_ENTAILMENT_recall": 0.45751633986928103,
    "predict_NONE_accuracy": 0.8129084967320261,
    "predict_NONE_f1": 0.448400180261379,
    "predict_NONE_precision": 0.5,
    "predict_NONE_recall": 0.40645424836601307,
    "predict_accuracy": 0.8639705882352942,
    "predict_f1": 0.8636149865176619,
    "predict_loss": 0.4854588806629181,
    "predict_precision": 0.8678065712410568,
    "predict_recall": 0.8639705882352942,
    "predict_runtime": 33.1358,
    "predict_samples": 2448,
    "predict_samples_per_second": 73.878,
    "predict_steps_per_second": 4.617
}