{
    "ENTAILMENT_f1": 0.8705790905557714,
    "ENTAILMENT_precision": 0.8302446256486287,
    "ENTAILMENT_recall": 0.9150326797385621,
    "NONE_f1": 0.8566508824795523,
    "NONE_precision": 0.905368516833485,
    "NONE_recall": 0.8129084967320261,
    "accuracy": 0.8639705882352942,
    "f1": 0.8636149865176619,
    "loss": 0.4854588806629181,
    "model_name": "xlm-roberta-base",
    "precision": 0.8678065712410568,
    "recall": 0.8639705882352942,
    "runtime": 32.3159,
    "samples": 2448,
    "samples_per_second": 75.752,
    "steps_per_second": 4.735,
    "test_dataset": "assin2",
    "test_subset": "",
    "train_dataset": "assin2"
}