{
    "ENTAILMENT_accuracy": 0.43243243243243246,
    "ENTAILMENT_f1": 0.2012578616352201,
    "ENTAILMENT_precision": 0.3333333333333333,
    "ENTAILMENT_recall": 0.14414414414414414,
    "NONE_accuracy": 0.9264069264069265,
    "NONE_f1": 0.3205992509363296,
    "NONE_precision": 0.3333333333333333,
    "NONE_recall": 0.3088023088023088,
    "PARAPHRASE_accuracy": 0.5639097744360902,
    "PARAPHRASE_f1": 0.24038461538461542,
    "PARAPHRASE_precision": 0.3333333333333333,
    "PARAPHRASE_recall": 0.1879699248120301,
    "accuracy": 0.7835,
    "f1": 0.7781280638131327,
    "precision": 0.7997497411206633,
    "predict_samples": 2000,
    "recall": 0.7835
}