{
    "predict_ENTAILMENT_f1": 0.8990328820116054,
    "predict_ENTAILMENT_precision": 0.8537839823659075,
    "predict_ENTAILMENT_recall": 0.9493464052287581,
    "predict_NONE_f1": 0.8870618779749027,
    "predict_NONE_precision": 0.9429622815087396,
    "predict_NONE_recall": 0.8374183006535948,
    "predict_accuracy": 0.8933823529411765,
    "predict_f1": 0.893047379993254,
    "predict_loss": 0.3487417995929718,
    "predict_model_name": "neuralmind/bert-large-portuguese-cased",
    "predict_precision": 0.8983731319373236,
    "predict_recall": 0.8933823529411765,
    "predict_runtime": 42.4932,
    "predict_samples": 2448,
    "predict_samples_per_second": 57.609,
    "predict_steps_per_second": 3.601,
    "predict_test_dataset": "assin2",
    "predict_test_subset": "",
    "predict_train_dataset": "assin2"
}