{
    "ENTAILMENT_f1": 0.8990328820116054,
    "ENTAILMENT_precision": 0.8537839823659075,
    "ENTAILMENT_recall": 0.9493464052287581,
    "NONE_f1": 0.8870618779749027,
    "NONE_precision": 0.9429622815087396,
    "NONE_recall": 0.8374183006535948,
    "accuracy": 0.8933823529411765,
    "f1": 0.893047379993254,
    "loss": 0.3487417995929718,
    "model_name": "neuralmind/bert-large-portuguese-cased",
    "precision": 0.8983731319373236,
    "recall": 0.8933823529411765,
    "runtime": 42.4932,
    "samples": 2448,
    "samples_per_second": 57.609,
    "steps_per_second": 3.601,
    "test_dataset": "assin2",
    "test_subset": "",
    "train_dataset": "assin2"
}