{
    "predict_accuracy": 0.6767193071828833,
    "predict_entailment_f1": 0.7981937289321376,
    "predict_entailment_precision": 0.6684776819005007,
    "predict_entailment_recall": 0.9903724747474747,
    "predict_f1": 0.5818591943707576,
    "predict_loss": 0.8910495638847351,
    "predict_model_name": "neuralmind/bert-large-portuguese-cased",
    "predict_neutral_f1": 0.18786792935756333,
    "predict_neutral_precision": 0.8574766355140186,
    "predict_neutral_recall": 0.10549008335728657,
    "predict_precision": 0.7354697715206158,
    "predict_recall": 0.6767193071828833,
    "predict_runtime": 157.1893,
    "predict_samples": 9815,
    "predict_samples_per_second": 62.441,
    "predict_steps_per_second": 3.906,
    "predict_test_dataset": "dlb/plue",
    "predict_test_subset": "mnli",
    "predict_train_dataset": "assin2"
}