{
    "accuracy": 0.6767193071828833,
    "entailment_f1": 0.7981937289321376,
    "entailment_precision": 0.6684776819005007,
    "entailment_recall": 0.9903724747474747,
    "f1": 0.5818591943707576,
    "loss": 0.8910495638847351,
    "model_name": "neuralmind/bert-large-portuguese-cased",
    "neutral_f1": 0.18786792935756333,
    "neutral_precision": 0.8574766355140186,
    "neutral_recall": 0.10549008335728657,
    "precision": 0.7354697715206158,
    "recall": 0.6767193071828833,
    "runtime": 157.1893,
    "samples": 9815,
    "samples_per_second": 62.441,
    "steps_per_second": 3.906,
    "test_dataset": "dlb/plue",
    "test_subset": "mnli",
    "train_dataset": "assin2"
}