{
    "ENTAILMENT_f1": 0.8261376896149358,
    "ENTAILMENT_precision": 0.7937219730941704,
    "ENTAILMENT_recall": 0.8613138686131386,
    "NONE_f1": 0.9593579234972677,
    "NONE_precision": 0.96297565992458,
    "NONE_recall": 0.9557672677781558,
    "PARAPHRASE_f1": 0.7209302325581395,
    "PARAPHRASE_precision": 0.8115183246073299,
    "PARAPHRASE_recall": 0.6485355648535565,
    "accuracy": 0.918,
    "f1": 0.9177351109008356,
    "loss": 0.2554190456867218,
    "model_name": "neuralmind/bert-large-portuguese-cased",
    "precision": 0.9191444514957252,
    "recall": 0.918,
    "runtime": 68.152,
    "samples": 4000,
    "samples_per_second": 58.692,
    "steps_per_second": 3.668,
    "test_dataset": "assin",
    "test_subset": "full",
    "train_dataset": "assin"
}