{
    "predict_ENTAILMENT_accuracy": 0.7390029325513197,
    "predict_ENTAILMENT_f1": 0.2833052276559865,
    "predict_ENTAILMENT_precision": 0.3333333333333333,
    "predict_ENTAILMENT_recall": 0.24633431085043989,
    "predict_NONE_accuracy": 0.9575016097875081,
    "predict_NONE_f1": 0.32609649122807016,
    "predict_NONE_precision": 0.3333333333333333,
    "predict_NONE_recall": 0.3191672032625027,
    "predict_PARAPHRASE_accuracy": 0.5471698113207547,
    "predict_PARAPHRASE_f1": 0.23577235772357721,
    "predict_PARAPHRASE_precision": 0.3333333333333333,
    "predict_PARAPHRASE_recall": 0.18238993710691823,
    "predict_accuracy": 0.8985,
    "predict_f1": 0.8967855899193239,
    "predict_loss": 0.327796071767807,
    "predict_precision": 0.8960100777307194,
    "predict_recall": 0.8985,
    "predict_runtime": 25.5253,
    "predict_samples": 2000,
    "predict_samples_per_second": 78.354,
    "predict_steps_per_second": 4.897
}