{
    "ENTAILMENT_f1": 0.7737135771853688,
    "ENTAILMENT_precision": 0.7888748419721872,
    "ENTAILMENT_recall": 0.7591240875912408,
    "NONE_f1": 0.9501594227219333,
    "NONE_precision": 0.9374172185430464,
    "NONE_recall": 0.9632528070772371,
    "PARAPHRASE_f1": 0.6308411214953271,
    "PARAPHRASE_precision": 0.7142857142857143,
    "PARAPHRASE_recall": 0.5648535564853556,
    "accuracy": 0.8975,
    "f1": 0.8948205329658796,
    "loss": 0.334512323141098,
    "model_name": "xlm-roberta-base",
    "precision": 0.8935596527783592,
    "recall": 0.8975,
    "runtime": 51.5493,
    "samples": 4000,
    "samples_per_second": 77.596,
    "steps_per_second": 4.85,
    "test_dataset": "assin",
    "test_subset": "full",
    "train_dataset": "assin"
}