{
    "predict_accuracy": 0.8228222109016811,
    "predict_contradiction_f1": 0.8383418092155956,
    "predict_contradiction_precision": 0.8302808302808303,
    "predict_contradiction_recall": 0.8465608465608465,
    "predict_entailment_f1": 0.8388534085845833,
    "predict_entailment_precision": 0.8678549477566072,
    "predict_entailment_recall": 0.8117275079045703,
    "predict_f1": 0.8232248604707506,
    "predict_loss": 0.5024872422218323,
    "predict_model_name": "xlm-roberta-base",
    "predict_neutral_f1": 0.7902621722846442,
    "predict_neutral_precision": 0.7707762557077625,
    "predict_neutral_recall": 0.8107588856868396,
    "predict_precision": 0.8246657073370236,
    "predict_recall": 0.8228222109016811,
    "predict_runtime": 117.4234,
    "predict_samples": 9815,
    "predict_samples_per_second": 83.586,
    "predict_steps_per_second": 5.229,
    "predict_test_dataset": "dlb/plue",
    "predict_test_subset": "mnli",
    "predict_train_dataset": "dlb/plue"
}