{
    "accuracy": 0.8228222109016811,
    "contradiction_f1": 0.8383418092155956,
    "contradiction_precision": 0.8302808302808303,
    "contradiction_recall": 0.8465608465608465,
    "entailment_f1": 0.8388534085845833,
    "entailment_precision": 0.8678549477566072,
    "entailment_recall": 0.8117275079045703,
    "f1": 0.8232248604707506,
    "loss": 0.5024872422218323,
    "model_name": "xlm-roberta-base",
    "neutral_f1": 0.7902621722846442,
    "neutral_precision": 0.7707762557077625,
    "neutral_recall": 0.8107588856868396,
    "precision": 0.8246657073370236,
    "recall": 0.8228222109016811,
    "runtime": 117.4234,
    "samples": 9815,
    "samples_per_second": 83.586,
    "steps_per_second": 5.229,
    "test_dataset": "dlb/plue",
    "test_subset": "mnli",
    "train_dataset": "dlb/plue"
}