{
    "CONTRADICTION_accuracy": NaN,
    "CONTRADICTION_f1": NaN,
    "CONTRADICTION_precision": NaN,
    "CONTRADICTION_recall": NaN,
    "ENTAILMENT_accuracy": 0.18491484184914841,
    "ENTAILMENT_f1": 0.10403832991101986,
    "ENTAILMENT_precision": 0.3333333333333333,
    "ENTAILMENT_recall": 0.0616382806163828,
    "NEUTRAL_accuracy": NaN,
    "NEUTRAL_f1": NaN,
    "NEUTRAL_precision": NaN,
    "NEUTRAL_recall": NaN,
    "NONE_accuracy": 0.9765226267437904,
    "NONE_f1": 0.32937395994720836,
    "NONE_precision": 0.3333333333333333,
    "NONE_recall": 0.32550754224793016,
    "PARAPHRASE_accuracy": 0.3472803347280335,
    "PARAPHRASE_f1": 0.17184265010351965,
    "PARAPHRASE_precision": 0.3333333333333333,
    "PARAPHRASE_recall": 0.11576011157601117,
    "accuracy": 0.77625,
    "f1": 0.7335977668519809,
    "model_name": "neuralmind/bert-large-portuguese-cased",
    "precision": 0.781607917317549,
    "predict_samples": 4000,
    "recall": 0.77625,
    "test_dataset": "assin2",
    "test_subset": "full",
    "train_dataset": "assin"
}