{
    "ENTAILMENT_f1": 0.30069238377843716,
    "ENTAILMENT_precision": 0.8042328042328042,
    "ENTAILMENT_recall": 0.18491484184914841,
    "NONE_f1": 0.8889577203035466,
    "NONE_precision": 0.8158044343376919,
    "NONE_recall": 0.9765226267437904,
    "PARAPHRASE_f1": 0.3120300751879699,
    "PARAPHRASE_precision": 0.2832764505119454,
    "PARAPHRASE_recall": 0.3472803347280335,
    "accuracy": 0.77625,
    "f1": 0.7335977668519809,
    "model_name": "neuralmind/bert-large-portuguese-cased",
    "precision": 0.781607917317549,
    "predict_samples": 4000,
    "recall": 0.77625,
    "test_dataset": "assin2",
    "test_subset": "full",
    "train_dataset": "assin"
}