{
    "CONTRADICTION_accuracy": NaN,
    "CONTRADICTION_f1": NaN,
    "CONTRADICTION_precision": NaN,
    "CONTRADICTION_recall": NaN,
    "ENTAILMENT_accuracy": 0.9591503267973857,
    "ENTAILMENT_f1": 0.8813813813813813,
    "ENTAILMENT_precision": 0.8152777777777778,
    "ENTAILMENT_recall": 0.9591503267973857,
    "NEUTRAL_accuracy": NaN,
    "NEUTRAL_f1": NaN,
    "NEUTRAL_precision": NaN,
    "NEUTRAL_recall": NaN,
    "NONE_accuracy": 0.7826797385620915,
    "NONE_f1": 0.8584229390681003,
    "NONE_precision": 0.9503968253968254,
    "NONE_recall": 0.7826797385620915,
    "PARAPHRASE_accuracy": NaN,
    "PARAPHRASE_f1": NaN,
    "PARAPHRASE_precision": NaN,
    "PARAPHRASE_recall": NaN,
    "accuracy": 0.8709150326797386,
    "f1": 0.869902160224741,
    "model_name": "neuralmind/bert-large-portuguese-cased",
    "precision": 0.8828373015873016,
    "predict_samples": 2448,
    "recall": 0.8709150326797386,
    "test_dataset": "dlb/plue",
    "test_subset": "",
    "train_dataset": "assin2"
}