{
    "ENTAILMENT_f1": 0.8813813813813813,
    "ENTAILMENT_precision": 0.8152777777777778,
    "ENTAILMENT_recall": 0.9591503267973857,
    "NONE_f1": 0.8584229390681003,
    "NONE_precision": 0.9503968253968254,
    "NONE_recall": 0.7826797385620915,
    "accuracy": 0.8709150326797386,
    "f1": 0.869902160224741,
    "model_name": "neuralmind/bert-large-portuguese-cased",
    "precision": 0.8828373015873016,
    "predict_samples": 2448,
    "recall": 0.8709150326797386,
    "test_dataset": "dlb/plue",
    "test_subset": "",
    "train_dataset": "assin2"
}