{
    "predict_accuracy": 0.918,
    "predict_f1": 0.9177351109008356,
    "predict_loss": 0.2554190456867218,
    "predict_precision": 0.9191444514957252,
    "predict_recall": 0.918,
    "predict_runtime": 68.0786,
    "predict_samples": 4000,
    "predict_samples_per_second": 58.756,
    "predict_steps_per_second": 3.672
}