{
    "CONTRADICTION_accuracy": NaN,
    "CONTRADICTION_f1": NaN,
    "CONTRADICTION_precision": NaN,
    "CONTRADICTION_recall": NaN,
    "ENTAILMENT_accuracy": 0.39172749391727496,
    "ENTAILMENT_f1": 0.488248673237301,
    "ENTAILMENT_precision": 0.647887323943662,
    "ENTAILMENT_recall": 0.39172749391727496,
    "NEUTRAL_accuracy": NaN,
    "NEUTRAL_f1": NaN,
    "NEUTRAL_precision": NaN,
    "NEUTRAL_recall": NaN,
    "NONE_accuracy": 0.9020074855392991,
    "NONE_f1": 0.8924423497727656,
    "NONE_precision": 0.8830779480346436,
    "NONE_recall": 0.9020074855392991,
    "PARAPHRASE_accuracy": 0.5941422594142259,
    "PARAPHRASE_f1": 0.38378378378378375,
    "PARAPHRASE_precision": 0.2834331337325349,
    "PARAPHRASE_recall": 0.5941422594142259,
    "accuracy": 0.77875,
    "f1": 0.7789881999268858,
    "model_name": "xlm-roberta-base",
    "precision": 0.7989174971293959,
    "predict_samples": 4000,
    "recall": 0.77875,
    "test_dataset": "assin2",
    "test_subset": "full",
    "train_dataset": "assin"
}