{
    "ENTAILMENT_accuracy": 0.39172749391727496,
    "ENTAILMENT_f1": 0.18764568764568765,
    "ENTAILMENT_precision": 0.3333333333333333,
    "ENTAILMENT_recall": 0.1305758313057583,
    "NONE_accuracy": 0.9020074855392991,
    "NONE_f1": 0.31615980918306497,
    "NONE_precision": 0.3333333333333333,
    "NONE_recall": 0.30066916184643305,
    "PARAPHRASE_accuracy": 0.5941422594142259,
    "PARAPHRASE_f1": 0.24846894138232722,
    "PARAPHRASE_precision": 0.3333333333333333,
    "PARAPHRASE_recall": 0.19804741980474197,
    "accuracy": 0.77875,
    "f1": 0.7789881999268858,
    "precision": 0.7989174971293959,
    "predict_samples": 4000,
    "recall": 0.77875
}